features,skew,skew_new
PassengerId,0.0,0.0
Survived,0.4777174662568536,0.4777174662568536
Pclass,-0.6294858816096934,-0.6294858816096934
Age,0.5093852558219663,0.5093852558219663
SibSp,3.6891276847759507,1.6584474020634181
Parch,2.7444867379203735,1.672617530182256
Fare,4.7792532923723545,0.39426283638993376
