features,skew,skew_new
ID,0.0,0.0
Invoice Number,1.5123882542636444,0.21473910379314773
Product Code,0.9147773059625445,0.9147773059625445
Customer Code,1.252304257739237,1.252304257739237
QTY,3.3604124472598476,0.025255040095685948
Total Price,3.462604575485384,-0.2508636372257112
