features,skew,skew_new
row_id,0.0,0.0
num_sold,0.9016130684200141,0.9016130684200141
