features,skew,skew_new
Survived,0.47771746625685907,0.47771746625685907
Pclass,-0.629485881609694,-0.629485881609694
Age,0.5093852558219658,0.5093852558219658
SibSp,3.689127684775903,1.6584474020633873
Parch,2.744486737920367,1.6726175301822728
Fare,4.779253292372351,0.3942628363899335
